{
    "items": [
        {
            "name": "Authorize ResolveURL Debrid-Link.fr",
            "url": "RunPlugin(plugin://script.module.resolveurl/?mode=auth_dl)",
            "icon": "https://cdn.debrid-link.com/img/cover.png",
            "fanart": "https://cdn.debrid-link.com/img/cover.png",
            "description": "",
            "type": ""
        },		
        {
            "name": "Revoke ResolveURL Debrid-Link.fr", 
            "url": "RunPlugin(plugin://script.module.resolveurl/?mode=reset_dl)",
            "icon": "https://cdn.debrid-link.com/img/cover.png",
            "fanart": "https://cdn.debrid-link.com/img/cover.png",
            "description": "",
            "type": ""
        }		
    ]
}