<?xml version="1.0" encoding="UTF-8"?>
<addon id="skin.phenomenal.h" name="[B][COLOR gold]Phenomenal[/COLOR][/B]  (Mid Power)" version="423" provider-name="Tomer, Diggz">
	<requires>
		<import addon="xbmc.gui" version="5.15.0"/>
		<import addon="script.skin.helper.service" version="1.0.0"/>
		<import addon="script.skin.helper.colorpicker" version="1.0.0"/>
		<import addon="script.skinshortcuts" version="0.6.6"/>
		<import addon="plugin.program.autocompletion" version="1.0.0"/>
		<import addon="script.image.resource.select" version="0.1.0"/>
		<import addon="resource.images.weatherfanart.single" version="0.0.6"/>
	</requires>
	<extension point="xbmc.gui.skin" defaultthemename="Textures.xbt" effectslowdown="1" debugging="false">
		<res width="1920" height="1080" aspect="16:9" default="true" folder="1080p"/>
	</extension>
	<extension point="xbmc.addon.metadata">
		<summary lang="en">Phenomenal - Perfection Made Simple</summary>
		<description lang="en">Elegance, simplicity and professionalism are the skins guidelines. With Phenomenal you can enjoy all of kodi's newest and sophisticated features while still maintaining a clean and beautiful design</description>
		<platform>all</platform>
		<assets>
			<icon>icon.png</icon>
			<fanart>fanart.jpg</fanart>
			<screenshot>_screenshots/screenshot-01.jpg</screenshot>
		</assets>
		<news>
		v420 Update for Kodi 19 Matrix
		</news>
	</extension>
</addon>

