{
    "favourites.xml": {
        "name": "Favourites",
        "setting": "savefavs",
        "path": "user_path"
    },
    "advancedsettings.xml": {
        "name": "Advanced Settings",
        "setting": "saveadvanced",
        "path": "user_path"
    },
    "script.module.myaccts": {
        "name": "Debrid Manager",
        "setting": "savedata",
        "path": "data_path"
    },
    "script.trakt": {
        "name": "Trakt",
        "setting": "savedata",
        "path": "data_path"
    },
    "plugin.video.youtube": {
        "name": "YouTube",
        "setting": "saveyoutube",
        "path": "data_path"
    },
    "weather.multi": {
        "name": "Multi Weather",
        "setting": "savemultiweather",
        "path": "data_path"
    }	
}