<?xml version="1.0" encoding="UTF-8"?>
<map id="base" version="1.0" strm="">	
	<channel id="BASE"                                  	title="(?=BASE$)" strm=""/>
	
	<category name="Movie" 									tags="Film|Movies"/>
	<category name="Series" 								tags="Comedy|Drama|Series|Sitcom"/>
	<category name="Information" 							tags="Current Affairs|News|News &amp; Documentaries"/>
	<category name="Entertainment" 							tags="Entertainment|Property|Reality|Soap"/>
	<category name="Document" 								tags="Documentary|Education|History|Nature|Science"/>
	<category name="Kids" 									tags="Children|Childrens"/>
	<category name="Sport" 									tags="Sport|Sports"/>
	<category name="Interactive Entertainment" 				tags="Arts|Food|Lifestyle|Music|Music &amp; Radio|Specialist"/>
</map>