<?xml version="1.0" encoding="UTF-8" standalone="yes"?>
<addon id="script.diggzwiki"
  name="Diggz Wiki Forum"
  version="421" 
  provider-name="Diggz">
  <requires>
    <import addon="xbmc.python" version="3.0.0"/>
  </requires>
  <extension point="xbmc.python.script" library="addon.py">
    <provides>executable</provides>
  </extension>
  <extension point="xbmc.addon.metadata">
    <platform>all</platform>
    <summary lang="en">DiggzWiki No excuses</summary>
    <description lang="en">DiggzWiki No excuses</description>
	<disclaimer>DiggzWiki No excuses</disclaimer>
	<assets>
	<icon>icon.png</icon>
    </assets>
  </extension>
</addon>
