<?xml version="1.0" encoding="UTF-8" standalone="yes" ?>
<addon id="plugin.video.nflticket" name="NFL Sunday Ticket" version="0.0.1" provider-name="mr.x">
    <requires>
        <import addon="script.module.requests" />
        <import addon="script.module.six"/>
        <import addon="script.module.xmltodict" />
    </requires>
    <extension point="xbmc.python.pluginsource" library="main.py">
        <provides>video</provides>
    </extension>
    <extension point="xbmc.addon.metadata">
        <description lang="en"></description>
        <disclaimer lang="en">https://github.com/mbebe/blomqvist</disclaimer>	
        <summary lang="en"></summary>
        <language>en</language>
        <platform>all</platform>
        <license>GNU GENERAL PUBLIC LICENSE. Version 2, June 1991</license>
        <website>https://github.com/mbebe/blomqvist</website>
        <assets>
            <icon>icon.png</icon>
            <fanart>fanart.jpg</fanart>
        </assets>
    </extension>
</addon>
