<?xml version="1.0" encoding="UTF-8" standalone="yes"?>
<addon id="script.module.parrot" name="Parrot Utils" version="1.1.0" provider-name="Parrot Developers">
  <requires>		
    <import addon="script.module.requests" version="2.18.4"/>
  </requires>
  <extension point="xbmc.python.module" library="lib" />
  <extension point="xbmc.addon.metadata">
    <summary>Utilities for Parrot TV addons.</summary>
    <description>Utilities for Parrot TV addons.</description>
    <platform>all</platform>
    <assets>
      <icon>icon.png</icon>
    </assets>
  </extension>
</addon>
