<?xml version="1.0" encoding="UTF-8"?>
<window id="1124">
	<defaultcontrol always="true">10</defaultcontrol>
	<menucontrol>6666</menucontrol>
	<backgroundcolor>background</backgroundcolor>
	<onload>ClearProperty(pvrhub,home)</onload>
	<include content="PropertyIncludes">
		<param name="ShowHeader" value="true"/>
	</include>
	<controls>
		<control type="list" id="2000">
			<include>HiddenObject</include>
			<content>$VAR[PVRWidgetGroup]</content>
		</control>
		<!-- background -->
		<include>Background</include>
		<!-- hub -->
		<control type="grouplist" id="10">
			<include>Window_OpenClose</include>
			<defaultcontrol>10000</defaultcontrol>
			<width>100%</width>
			<height>100%</height>
			<itemgap>-80</itemgap>
			<orientation>vertical</orientation>
			<usecontrolcoords>true</usecontrolcoords>
			<include>ScrollTime</include>
			<pagecontrol>17</pagecontrol>
			<include content="WidgetSpacer">
				<param name="id" value="101"/>
			</include>
			<include content="WidgetSmallMenu">
				<param name="id" value="100"/>
				<param name="onup" value="6666"/>
				<param name="ondown" value="200"/>
				<param name="headline" value="$VAR[PVRLabel]"/>
				<param name="content" value="PVRHub_Menu"/>
			</include>	
			<include content="W_Custom_Template">
				<param name="nr" value="30"/>
				<param name="id" value="200"/>
				<param name="onup" value="100"/>
				<param name="ondown" value="201"/>
				<param name="layout" value="PVRLandscapeLogoLayout"/>
			</include>	
			<include content="W_Custom_Template">
				<param name="nr" value="29"/>
				<param name="id" value="201"/>
				<param name="onup" value="200"/>
				<param name="ondown" value="202"/>
				<param name="layout" value="PVRLandscapeLogoLayout"/>
			</include>			
			<include content="W_PVR_OnNow">
				<param name="id" value="202"/>
				<param name="onup" value="201"/>
				<param name="ondown" value="203"/>
				<param name="headline" value="$LOCALIZE[31346]"/>
				<param name="group" value="*"/>
			</include>
			<include content="W_PVR_LastPlayed">
				<param name="id" value="203"/>
				<param name="onup" value="202"/>
				<param name="ondown" value="204"/>
			</include>
			<include content="WideWidget">
				<param name="id" value="204"/>
				<param name="onup" value="203"/>
				<param name="ondown" value="noop"/>
				<param name="headline" value="$LOCALIZE[31082]"/>
				<param name="mainlabel" value="$VAR[PVRWidgetMainListLabel]"/>
				<param name="thumblabel" value="$INFO[ListItem.Channelname]"/>
				<param name="sublabel" value="$INFO[ListItem.StartTime]$INFO[ListItem.EndTime - ]"/>
				<param name="sortby" value="lastplayed"/>
				<param name="sortorder" value="descending"/>
				<param name="content" value="pvr://channels/radio/*?view=lastplayed"/>
				<param name="layout" value="PVRLandscapeLogoLayout"/>
			</include>
		</control>
		<!-- header bar -->
		<include content="HeaderBar">
			<param name="id">10</param>
		</include>
		<!-- side panel -->
		<include content="SidePanel"/>
	</controls>
</window>
