<?xml version="1.0" encoding="UTF-8" standalone="yes" ?>
<addon id="plugin.video.ustvgo" name="ustvgo" version="1.0.9" provider-name="lg">
    <requires>
        <import addon="xbmc.python" version="3.0.0"/>
        <import addon="script.module.requests" />
        <import addon="script.module.inputstreamhelper" />
        <import addon="service.cronxbmc" optional="true"/>
        <import addon="script.module.future"/>
		<import addon="script.module.six"/>
    </requires>
    <extension point="xbmc.python.pluginsource" library="addon.py">
        <provides>video</provides>
    </extension>
 	<extension point="xbmc.addon.metadata">
        <description lang="pl">ustvgo</description>
        <disclaimer lang="pl">ustvgo
        </disclaimer>
        <summary lang="en">ustvgo</summary>
        <description lang="en">ustvgo</description>
        <disclaimer lang="en">ustvgo
        </disclaimer>
        <language>pl</language>
        <platform>all</platform>
        <license>GNU GENERAL PUBLIC LICENSE. Version 2, June 1991</license>
        <website></website>
        <assets>
            <icon>icon.png</icon>
			<fanart>fanart.jpg</fanart>
        </assets>
        <reuselanguageinvoker>true</reuselanguageinvoker>
    </extension>
</addon>