<?xml version="1.0" encoding="UTF-8"?>
<addon id="skin.portal" version="420.3.4.29" name="Diggz Portal" provider-name="bsoriano, Jester, Joethepartylion, Pecinko">
    <requires>
        <import addon="xbmc.gui" version="5.15.0"/>
        <import addon="script.favourites" version="7.1.1"/>
        <import addon="resource.uisounds.amber" version="1.0.0"/>
        <import addon="script.skinshortcuts" version="1.0.17"/>
    </requires>
    <extension point="xbmc.gui.skin" debugging="false">
        <res width="1920" height="1080" aspect="16:9" default="true" folder="1080i" />
    </extension>
    <extension point="xbmc.addon.metadata">
        <platform>all</platform>
        <license>GNU GENERAL PUBLIC LICENSE. Version 3, June 2007</license>
        <assets>
            <icon>resources/icon.png</icon>
            <fanart>resources/fanart.jpg</fanart>
            <screenshot>resources/screenshot01.jpg</screenshot>
            <screenshot>resources/screenshot02.jpg</screenshot>
        </assets>
        <news>3.4.29 (27-08-2021)
		- Play trailer from shelf items
		- Slide out media items when trailer playing
		- Misc. fixes
		3.4.28 (23-08-2021)
		- Show disc art in list views
		- Use disc instead of thumb for music in fanart view
		- Misc. fixes
		3.4.27 (20-08-2021)
		- Make shelf info popup delay configurable
		- Add back Artwork Beef options
		- Fixes for music visualization
		- Misc. fixes
		3.4.26 (04-08-2021)
		- Option to open info dialog from fanart title button
		- Option to use custom image(s), video or playlist at startup
		- Option to hide vertical menu when shelves are focused
		- Misc. fixes
		3.4.25 (20-07-2021)
		- Option to automatically play trailers in media views (only local trailers)
		- Add option to show information popup for shelves
		- Add option to center shelf items
		3.4.24 (03-07-2021)
		- Fixes for OSD and seekbar
		- Add movie decades playlists and widget option
		3.4.23 (29-06-2021)
		- Rework OSD
		- Option for alternate OSD button highlighting
		3.4.22 (25-06-2021)
		- Fixes for Compact and Ultra Compact OSD
		3.4.21 (24-06-2021)
		- Rework Compact OSD highlighting
		- Ultra Compact OSD
		- Misc. fixes
		3.4.20 (21-06-2021)
		- Compact OSD
		- Misc. fixes
		
        </news>
        <summary lang="ca_ES">Diggz Portal. Built for speed and great for low end devices</summary>
        <summary lang="da_DK">Diggz Portal. Built for speed and great for low end devices</summary>
        <summary lang="de_DE">Diggz Portal. Built for speed and great for low end devices</summary>
        <summary lang="en_AU">Diggz Portal. Built for speed and great for low end devices</summary>
        <summary lang="en_GB">Diggz Portal. Built for speed and great for low end devices</summary>
        <summary lang="en_NZ">Diggz Portal. Built for speed and great for low end devices</summary>
        <summary lang="en_US">Diggz Portal. Built for speed and great for low end devices</summary>
        <summary lang="es_ES">Diggz Portal. Built for speed and great for low end devices</summary>
        <summary lang="et_EE">Diggz Portal. Built for speed and great for low end devices</summary>
        <summary lang="fi_FI">Diggz Portal. Built for speed and great for low end devices</summary>
        <summary lang="fr_CA">Diggz Portal. Built for speed and great for low end devices</summary>
        <summary lang="fr_FR">Diggz Portal. Built for speed and great for low end devices</summary>
        <summary lang="it_IT">Diggz Portal. Built for speed and great for low end devices</summary>
        <summary lang="nl_NL">Diggz Portal. Built for speed and great for low end devices</summary>
        <summary lang="pt_BR">Diggz Portal. Built for speed and great for low end devices</summary>
        <description lang="ca_ES">Diggz Portal. Built for speed and great for low end devices</description>
        <description lang="de_DE">Diggz Portal. Built for speed and great for low end devices</description>
        <description lang="en_AU">Diggz Portal. Built for speed and great for low end devices</description>
        <description lang="en_GB">Diggz Portal. Built for speed and great for low end devices</description>
        <description lang="en_NZ">Diggz Portal. Built for speed and great for low end devices</description>
        <description lang="en_US">Diggz Portal. Built for speed and great for low end devices</description>
        <description lang="es_ES">Diggz Portal. Built for speed and great for low end devices</description>
        <description lang="et_EE">Diggz Portal. Built for speed and great for low end devices</description>
        <description lang="fi_FI">Diggz Portal. Built for speed and great for low end devices</description>
        <description lang="fr_CA">Diggz Portal. Built for speed and great for low end devices</description>
        <description lang="fr_FR">Diggz Portal. Built for speed and great for low end devices</description>
        <description lang="it_IT">Diggz Portal. Built for speed and great for low end devices</description>
        <description lang="nl_NL">Diggz Portal. Built for speed and great for low end devices</description>
        <description lang="pt_BR">Diggz Portal. Built for speed and great for low end devices</description>
        <description lang="pt_PT">Diggz Portal. Built for speed and great for low end devices</description>
    </extension>
</addon>
