<?xml version='1.0' encoding='UTF-8'?>
<shortcuts>
	<shortcut>
		<defaultID>embuary_musichub_artists</defaultID>
		<label>$LOCALIZE[133]</label>
		<label2/>
		<icon/>
		<thumb/>
		<action>ActivateWindow(music,library://music/artists.xml/,return)</action>
	</shortcut>
	<shortcut>
		<defaultID>embuary_musichub_albums</defaultID>
		<label>$LOCALIZE[132]</label>
		<label2/>
		<icon/>
		<thumb/>
		<action>ActivateWindow(music,library://music/albums.xml/,return)</action>
	</shortcut>
	<shortcut>
		<defaultID>embuary_musichub_songs</defaultID>
		<label>$LOCALIZE[134]</label>
		<label2/>
		<icon/>
		<thumb/>
		<action>ActivateWindow(music,library://music/songs.xml/,return)</action>
	</shortcut>
	<shortcut>
		<defaultID>embuary_musichub_playlists</defaultID>
		<label>$LOCALIZE[136]</label>
		<label2/>
		<icon/>
		<thumb/>
		<action>ActivateWindow(music,special://musicplaylists/,return)</action>
	</shortcut>
	<shortcut>
		<defaultID>embuary_musichub_library</defaultID>
		<label>$LOCALIZE[14022]</label>
		<label2/>
		<icon/>
		<thumb/>
		<action>ActivateWindow(music,musicdb://root,return)</action>
	</shortcut>
	<shortcut>
		<defaultID>embuary_musichub_partymode</defaultID>
		<label>$VAR[PartyModeButton]</label>
		<label2/>
		<icon/>
		<thumb/>
		<action>partymode_action</action>
	</shortcut>
	<shortcut>
		<defaultID>embuary_musichub_embycon_artists</defaultID>
		<label>$LOCALIZE[31240]</label>
		<label2/>
		<icon/>
		<thumb/>
		<action>ActivateWindow(music,plugin://plugin.video.embycon/?media_type=MusicArtists&amp;mode=GET_CONTENT&amp;url=%7bserver%7d%2femby%2fArtists%2fAlbumArtists%3fRecursive%3dtrue%26ImageTypeLimit%3d1%26EnableImageTypes%3dPrimary%2cBackdrop%2cBanner%2cThumb%26format%3djson,return)</action>
		<visible>System.HasAddon(plugin.video.embycon)</visible>
	</shortcut>
	<shortcut>
		<defaultID>embuary_musichub_embycon_albums</defaultID>
		<label>$LOCALIZE[31241]</label>
		<label2/>
		<icon/>
		<thumb/>
		<action>ActivateWindow(music,plugin://plugin.video.embycon/?media_type=MusicAlbums&amp;mode=GET_CONTENT&amp;url=%7bserver%7d%2femby%2fUsers%2f%7buserid%7d%2fItems%3fRecursive%3dtrue%26IncludeItemTypes%3dMusicAlbum%26ImageTypeLimit%3d1%26EnableImageTypes%3dPrimary%2cBackdrop%2cBanner%2cThumb%26format%3djson,return)</action>
		<visible>System.HasAddon(plugin.video.embycon)</visible>
	</shortcut>
</shortcuts>
