<?xml version="1.0" encoding="UTF-8" standalone="yes"?>
<addon id="plugin.video.buffstreams"
       name="Buff Streams"
       version="0.0.4"
       provider-name="Demonstratorz">
  <requires>
    <import addon="xbmc.python" version="3.0.0"/>
    <import addon="script.module.requests"/>
    <import addon='script.module.beautifulsoup4'/>
    <import addon="plugin.video.youtube"/>
  </requires>
  <extension point="xbmc.python.pluginsource"
            library="default.py">
        <provides>video</provides>
  </extension>
  <extension point="xbmc.addon.metadata">
    <summary lang="en"></summary>
    <language>en</language>
    <description lang="en"></description>
     <platform>all</platform>
  </extension>
</addon>
