<?xml version="1.0" encoding="UTF-8" standalone="yes"?>
<addon id="plugin.image.diggzwallpapers" name=" [COLOR blue] Diggz Wallpapers[/COLOR]" version="3" provider-name="FTG">
  <requires>
    <import addon="xbmc.python" version="3.0.0"/>
	<import addon="script.module.beautifulsoup4" />		

  </requires>
  <extension point="xbmc.python.pluginsource" library="default.py">
        <provides>image</provides>
  </extension>
  <extension point="xbmc.addon.metadata">
    <summary lang="en"></summary>
    <description lang="en">Diggz Wallpapers</description>
    <platform>all</platform>
    <assets>
            <icon>icon.png</icon>
            <fanart>fanart.jpg</fanart>
    </assets>
  </extension>
</addon>
