{
    "Step 1-Install The Supported Addons You Use Here": {
        "icon": "https://kodiapps.com/sharex/dllhost_2020-02-05_12-07-32.jpg",
        "items": [
            {
                "name": "Install FEN (DEBRID ONLY)",
                "url": "installaddon(plugin.video.fen)"
            },
            {
                "name": "Install Seren (DEBRID ONLY)",
                "url": "installaddon(plugin.video.seren)"
            },
            {
                "name": "Install Umbrella (DEBRID ONLY)",
                "url": "installaddon(plugin.video.umbrella)"
            },
            {
                "name": "Install Ezra (DEBRID ONLY)",
                "url": "installaddon(plugin.video.ezra)"
            },
            {
                "name": "Install POV (DEBRID ONLY)",
                "url": "installaddon(plugin.video.pov)"
            },
            {
                "name": "Install Chains Genocide (DEBRID ONLY)",
                "url": "installaddon(plugin.video.chainsgenocide)"
            },
            {
                "name": "Install Shadow (DEBRID ONLY)",
                "url": "installaddon(plugin.video.shadow)"
            },
            {
                "name": "Install Scrubs (FREE)",
                "url": "installaddon(plugin.video.scrubsv2)"
            },
            {
                "name": "Install Homelander (FREE AND DEBRID)",
                "url": "installaddon(plugin.video.homelander)"
            },
            {
                "name": "Install The Crew (FREE AND DEBRID)",
                "url": "installaddon(plugin.video.thecrew)"
            },
            {
                "name": "Install Magic Dragon (FREE AND DEBRID)",
                "url": "installaddon(plugin.video.magicdragon)"
            },
            {
                "name": "Install Shazam (FREE AND DEBRID)",
                "url": "installaddon(plugin.video.shazam)"
            },
            {
                "name": "Install Nightwing (FREE AND DEBRID)",
                "url": "installaddon(plugin.video.nightwing)"
            }
        ]
    },
    "Trakt Manager": {
        "icon": "https://techwiser.com/wp-content/uploads/2020/09/trakt-logo.png",
        "items": [
            {
                "name": "Recover All Trakt Logins From A Backup",
                "url": "PlayMedia(plugin://script.module.myauth/?mode=restoretrakt&name=all)"
            },
            {
                "name": "Authorize Trakt For ALL Addons",
                "url": "RunScript(script.module.myaccts, action=traktAuth)"
            },
            {
                "name": "Re-Sync All Trakt Logins",
                "url": "RunScript(script.module.myaccts, action=traktReSync)"
            },
            {
                "name": "View Saved Trakt Logins",
                "url": "ActivateWindow(10001,plugin://script.module.myauth/?mode=trakt,return)"
            },
            {
                "name": "Create A Backup Of ALL Trakt Logins",
                "url": "PlayMedia(plugin://script.module.myauth/?mode=savetrakt_myacct&name=all)"
            },
            {
                "name": "Delete ALL Trakt Logins",
                "url": "PlayMedia(plugin://script.module.myauth/?mode=addontrakt&name=all)"
            }
        ]
    },
    "Real Debrid Manager": {
        "icon": "https://kodiapps.com/sharex/dllhost_2020-02-05_12-07-32.jpg",
        "items": [
            {
                "name": "Recover All Real Debrid Logins From A Backup",
                "url": "PlayMedia(plugin://script.module.myauth/?mode=restoredebrid_rd&name=all)"
            },
            {
                "name": "Authorize Real-Debrid For All Addons",
                "url": "RunScript(script.module.myaccts, action=realdebridAuth)"
            },
            {
                "name": "Re-sync real-debrid data with all add-ons",
                "url": "RunScript(script.module.myaccts, action=realdebridReSync)"
            },
            {
                "name": "View Your Debrid Account Status",
                "url": "RunScript(script.module.myaccts, action=realdebridAcct)"
            },
            {
                "name": "View Your Saved Real Debrid Data",
                "url": "ActivateWindow(10001,plugin://script.module.myauth/?mode=realdebrid,return)"
            },
            {
                "name": "Check If your VPN is compatible with Real Debrid",
                "url": "ActivateWindow(10001,plugin://script.RealDebrid.vpn/,return)"
            },
            {
                "name": "Create A Backup Of All Real Debrid Logins",
                "url": "PlayMedia(plugin://script.module.myauth/?mode=savedebrid_myacct&name=all)"
            },
            {
                "name": "Check If your VPN is compatible with Real Debrid",
                "url": "ActivateWindow(10001,plugin://script.RealDebrid.vpn/,return)"
            },
            {
                "name": "Revoke All Real Debrid Data",
                "url": "PlayMedia(plugin://script.module.myauth/?mode=addondebrid_rd&name=all)"
            }
        ]
    },	
    "Premiumize Manager": {
        "icon": "https://play-lh.googleusercontent.com/LCdGKehB8Cqa36eh0hQwy3CIWMI4bzSB9SUrAKmRQaXkZsFUNdcxuBgKM7nmBUyIVg",
        "items": [
            {
                "name": "Recover All Premiumize Logins From A Backup",
                "url": "PlayMedia(plugin://script.module.myauth/?mode=restoredebrid_pm&name=all)"
            },
            {
                "name": "Authorize Premiumize For All Addons",
                "url": "RunScript(script.module.myaccts, action=premiumizeAuth)"
            },
            {
                "name": "Re-sync premiumize data with all add-ons",
                "url": "RunScript(script.module.myaccts, action=premiumizeReSync)"
            },
            {
                "name": "View Your Premiumize Account",
                "url": "RunScript(script.module.myaccts, action=premiumizeAcct)"
            },
            {
                "name": "View Your Saved Data",
                "url": "ActivateWindow(10001,plugin://script.module.myauth/?mode=premiumize,return)"
            },
            {
                "name": "Create A Backup Of All Premiumize Logins",
                "url": "PlayMedia(plugin://script.module.myauth/?mode=savedebrid_myacct&name=all)"
            },
            {
                "name": "Revoke All Premiumize Debrid Data",
                "url": "PlayMedia(plugin://script.module.myauth/?mode=addondebrid_pm&name=all)"
            }
        ]
    },
    "All Debrid Manager": {
        "icon": "http://4.bp.blogspot.com/-D-mA8RDa9KI/U11fxrpEUHI/AAAAAAAAAYY/uxM3YucdoeI/s1600/alldebrid.jpg",
        "items": [
            {
                "name": "Recover All ALL Debrid Logins From A Backup",
                "url": "PlayMedia(plugin://script.module.myauth/?mode=restoredebrid_pm&name=all)"
            },
            {
                "name": "Authorize All Debrid For All Addons",
                "url": "RunScript(script.module.myaccts, action=alldebridAuth)"
            },
            {
                "name": "Re-sync All Debrid data with all add-ons",
                "url": "RunScript(script.module.myaccts, action=alldebridReSync)"
            },
            {
                "name": "View Your All Debrid Account",
                "url": "RunScript(script.module.myaccts, action=alldebridAcct)"
            },
            {
                "name": "View Your All Debrid Saved Data",
                "url": "ActivateWindow(10001,plugin://script.module.myauth/?mode=alldebrid,return)"
            },
            {
                "name": "Create A Backup Of All Debrid Logins",
                "url": "PlayMedia(plugin://script.module.myauth/?mode=savedebrid_myacct&name=all)"
            },
            {
                "name": "Revoke All Debrid Debrid Data",
                "url": "PlayMedia(plugin://script.module.myauth/?mode=addondebrid_ad&name=all)"
            }
        ]
    },
    "Link Snappy Manager": {
        "icon": "https://multihoster.org/wp-content/uploads/2018/10/logo-3.png",
        "items": [
            {
                "name": "Authorize ResolveURL Link Snappy",
                "url": "RunPlugin(plugin://script.module.resolveurl/?mode=auth_ls)"
            },
            {
                "name": "Revoke ResolveURL Link Snappy",
                "url": "RunPlugin(plugin://script.module.resolveurl/?mode=reset_ls)"
            }
        ]
    },
    "Debrid Link Manager": {
        "icon": "https://cdn.debrid-link.com/img/cover.png",
        "items": [
            {
                "name": "Authorize ResolveURL Debrid-Link.fr",
                "url": "RunPlugin(plugin://script.module.resolveurl/?mode=auth_dl)"
            },
            {
                "name": "Revoke ResolveURL Debrid-Link.fr",
                "url": "RunPlugin(plugin://script.module.resolveurl/?mode=reset_dl)"
            }
        ]
    }
}