<?xml version="1.0" encoding="UTF-8"?>
<addon
    id="skin.eminence.2.fen"
    version="999.3.0.4"
    name="Fentastic"
    provider-name="Diggz">
    <requires>
        <import addon="xbmc.gui" version="5.15.0"/>
		<import addon="script.skinshortcuts" version="1.0.17"/>
		<import addon="script.skin.helper.service" version="1.0.0"/>
        <import addon="script.skin.helper.widgets" version="1.0.0"/>
		<import addon="script.skin.helper.colorpicker" version="1.0.12"/>
        <import addon="script.image.resource.select" version="0.0.5"/>	
    </requires>
    <extension point="xbmc.gui.skin" effectslowdown="1.00" debugging="false">
        <res width="1920" height="1080" aspect="16:9" default="true" folder="16x9" />
    </extension>
    <extension point="xbmc.addon.metadata">
        <platform>all</platform>
        <summary lang="en">-DEBRID AND TRAKT REQUIRED-A skin featuring the FEN addon with Debrid and Trakt integration.</summary>
        <description lang="en">-DEBRID AND TRAKT REQUIRED-A skin featuring the FEN addon with Debrid and Trakt integration.</description>
        <description lang="fr">-DEBRID AND TRAKT REQUIRED-A skin featuring the FEN addon with Debrid and Trakt integration.</description>
		<assets>
		 	<icon>icon.png</icon>
 			<fanart>fanart.jpg</fanart>
		</assets>	
		<news> 
		</news>
	</extension>
</addon>
