{
    "Step 1-Install The Debrid Addons You Use": {
        "icon": "https://kodiapps.com/sharex/dllhost_2020-02-05_12-07-32.jpg",
        "items": [
            {
                "name": "Install FEN",
                "url": "installaddon(plugin.video.fen)"
            },
            {
                "name": "Install Seren",
                "url": "installaddon(plugin.video.seren)"
            },
            {
                "name": "Install Umbrella",
                "url": "installaddon(plugin.video.umbrella)"
            },
            {
                "name": "Install Ezra",
                "url": "installaddon(plugin.video.ezra)"
            }
        ]
    },	
    "Authorize Real Debrid": {
        "icon": "https://kodiapps.com/sharex/dllhost_2020-02-05_12-07-32.jpg",
        "items": [
            {
                "name": "Authorize Real-Debrid For All Addons",
                "url": "RunScript(script.module.myaccts, action=realdebridAuth)"
            },
            {
                "name": "View Your Debrid Account",
                "url": "RunScript(script.module.myaccts, action=realdebridAcct)"
            },
            {
                "name": "View Your Saved Data",
                "url": "ActivateWindow(10001,plugin://script.module.myauth/?mode=realdebrid,return)"
            },
            {
                "name": "Re-sync real-debrid data with all add-ons",
                "url": "RunScript(script.module.myaccts, action=realdebridSync)"
            },
            {
                "name": "Revoke All Real Debrid Data",
                "url": "RunScript(script.module.myaccts, action=realdebridRevoke)"
            },						
            {
                "name": "Check If your VPN is compatible with Real Debrid",
                "url": "ActivateWindow(10001,plugin://script.RealDebrid.vpn/,return)"
            }
        ]
    },	
    "Authorize Premiumize": {
        "icon": "https://play-lh.googleusercontent.com/LCdGKehB8Cqa36eh0hQwy3CIWMI4bzSB9SUrAKmRQaXkZsFUNdcxuBgKM7nmBUyIVg",
        "items": [
            {
                "name": "Authorize Premiumize For All Addons",
                "url": "RunScript(script.module.myaccts, action=premiumizeAuth)"
            },
            {
                "name": "View Your Premiumize Account",
                "url": "RunScript(script.module.myaccts, action=premiumizeAcct)"
            },			
            {
                "name": "View Your Saved Data",
                "url": "ActivateWindow(10001,plugin://script.module.myauth/?mode=realdebrid,return)"
            },
            {
                "name": "Re-sync premiumize data with all add-ons",
                "url": "RunScript(script.module.myaccts, action=premiumizeSync)"
            },
            {
                "name": "Revoke All Premiumize Debrid Data",
                "url": "RunScript(script.module.myaccts, action=premiumizeRevoke)"
            }			
        ]
    },
    "Authorize All Debrid": {
        "icon": "http://4.bp.blogspot.com/-D-mA8RDa9KI/U11fxrpEUHI/AAAAAAAAAYY/uxM3YucdoeI/s1600/alldebrid.jpg",
        "items": [
            {
                "name": "Authorize All Debrid For All Addons",
                "url": "RunScript(script.module.myaccts, action=alldebridAuth)"
            },
            {
                "name": "View Your All Debrid Account",
                "url": "RunScript(script.module.myaccts, action=alldebridAcct)"
            },			
            {
                "name": "View Your All Debrid Saved Data",
                "url": "ActivateWindow(10001,plugin://script.module.myauth/?mode=realdebrid,return)"
            },
            {
                "name": "Re-sync All Debrid data with all add-ons",
                "url": "RunScript(script.module.myaccts, action=alldebridSync)"
            },
            {
                "name": "Revoke All Debrid Debrid Data",
                "url": "RunScript(script.module.myaccts, action=alldebridRevoke)"
            }			
        ]
    },
    "Authorize Link Snappy": {
        "icon": "https://multihoster.org/wp-content/uploads/2018/10/logo-3.png",
        "items": [
            {
                "name": "Authorize ResolveURL Link Snappy",
                "url": "RunPlugin(plugin://script.module.resolveurl/?mode=auth_ls)"
            },
            {
                "name": "Revoke ResolveURL Link Snappy",
                "url": "RunPlugin(plugin://script.module.resolveurl/?mode=reset_ls)"
            }
        ]
    },
    "Authorize Debrid Link": {
        "icon": "https://cdn.debrid-link.com/img/cover.png",
        "items": [
            {
                "name": "Authorize ResolveURL Debrid-Link.fr",
                "url": "RunPlugin(plugin://script.module.resolveurl/?mode=auth_dl)"
            },
            {
                "name": "Revoke ResolveURL Debrid-Link.fr",
                "url": "RunPlugin(plugin://script.module.resolveurl/?mode=reset_dl)"
            }
        ]
    },
    "Authorize Trakt": {
        "icon": "https://techwiser.com/wp-content/uploads/2020/09/trakt-logo.png",
        "items": [
			{
                "name": "Authorize Trakt Addon",
                "url": "RunScript(script.trakt,action=auth_info)"
            },
            {
                "name": "Authorize TMDBH Trakt",
                "url": "RunScript(plugin.video.themoviedb.helper,authenticate_trakt)"
            },
            {
                "name": "Authorize Seren Trakt",
                "url": "RunPlugin(plugin://plugin.video.seren/?action=authTrakt)"
            },
            {
                "name": "Authorize Umbrella Trakt",
                "url": "RunPlugin(plugin://plugin.video.umbrella/?action=traktAuth)"
            },
            {
                "name": "Authorize FEN Trakt",
                "url": "RunPlugin(plugin://plugin.video.fen/?mode=trakt.trakt_authenticate)"
            },
			{
                "name": "Authorize EZRA Trakt",
                "url": "RunScript(script.module.myaccounts, action=traktAuth)"
            },
            {
                "name": "Authorize Premiumizer Cloud Trakt",
                "url": "RunPlugin(plugin://plugin.video.premiumizerx/?action=authTrakt)"
            },
            {
                "name": "Authorize The Crew Trakt",
                "url": "RunPlugin(plugin://plugin.video.thecrew/?action=authTrakt)"
            },
            {
                "name": "Authorize The Promise Trakt",
                "url": "RunPlugin(plugin://plugin.video.thepromise/?action=authTrakt)"
            },
            {
                "name": "Authorize Homelander Trakt",
                "url": "RunPlugin(plugin://plugin.video.homelander/?action=authTrakt)"
            },
            {
                "name": "Authorize Scrubs Trakt",
                "url": "RunPlugin(plugin://plugin.video.scrubsv2/?action=auth_trakt)"
            },
            {
                "name": "Authorize Magic Dragon Trakt",
                "url": "RunPlugin(plugin://plugin.video.magicdragon?mode=157&url=False)"
            },
            {
                "name": "Authorize Asgard Trakt",
                "url": "RunPlugin(plugin://plugin.video.asgard?mode=157&url=False)"
            },
            {
                "name": "Authorize The Chains Trakt",
                "url": "RunPlugin(plugin://plugin.video.thechains?mode=157&url=False)"
            },
			{
                "name": "Authorize Ghost Trakt",
                "url": "RunPlugin(plugin://plugin.video.ghost?mode=157&url=False)"
            },
            {
                "name": "Authorize Shadow Trakt",
                "url": "RunPlugin(plugin://plugin.video.shadow?mode=157&url=False)"
            },
			{
                "name": "Authorize Moria Trakt",
                "url": "RunPlugin(plugin://plugin.video.moria/?action=authTrakt)"
            },
			{
                "name": "Authorize METV Trakt",
                "url": "RunPlugin(plugin://plugin.video.metv19?mode=157&url=False)"
            },
			{
                "name": "Authorize Patriot Trakt",
                "url": "RunPlugin(plugin://plugin.video.patriot?mode=157&url=False)"
            },
			{
                "name": "Authorize Genocide Trakt",
                "url": "RunPlugin(plugin://plugin.video.Genocide?mode=157&url=False)"
            },
			{
                "name": "Authorize Black Lightning Trakt",
                "url": "RunPlugin(plugin://plugin.video.blacklightning?mode=157&url=False)"
            },
			{
                "name": "Authorize 4K Trakt",
                "url": "RunPlugin(plugin://plugin.video.4k?mode=157&url=False)"
            },
            {
                "name": "Revoke Seren Trakt",
                "url": "RunPlugin(plugin://plugin.video.seren/?action=revokeTrakt)"
            },
			{
                "name": "Revoke EZRA Trakt",
                "url": "RunScript(script.module.myaccounts, action=traktRevoke)"
            },
            {
                "name": "Revoke Umbrella Trakt",
                "url": "RunPlugin(plugin://plugin.video.umbrella/?action=traktRevoke)"
            },
            {
                "name": "Revoke FEN Trakt",
                "url": "RunPlugin(plugin://plugin.video.fen/?mode=trakt.trakt_revoke_authentication)"
            }
        ]
    }	
}