<?xml version="1.0" encoding="UTF-8"?>
<colors>
    <!-- Main -->
    <color name="main_fg_100">ffdedede</color>
    <color name="main_fg_90">e7dedede</color>
    <color name="main_fg_80">ccdedede</color>
    <color name="main_fg_70">b3dedede</color>
    <color name="main_fg_60">9adedede</color>
    <color name="main_fg_45">73dedede</color>
    <color name="main_fg_30">4ddedede</color>
    <color name="main_fg_12">1fdedede</color>

    <color name="main_bg_100">ff181818</color>
    <color name="main_bg_90">e7181818</color>
    <color name="main_bg_80">cc181818</color>
    <color name="main_bg_70">b3181818</color>
    <color name="main_bg_60">9a181818</color>
    <color name="main_bg_45">73181818</color>
    <color name="main_bg_30">4d181818</color>
    <color name="main_bg_12">1f181818</color>

    <color name="main_back">ff4d4d4d</color>
    <color name="main_flix">ffa7a7a7</color>
    <color name="main_logo">ffb3b3b3</color>

    <!-- Dialogs -->
    <color name="dialog_bg_100">FF212125</color>
    <color name="dialog_bg_80">e7212125</color>
    <color name="dialog_bg_90">cd212125</color>
    <color name="dialog_bg_70">B3212125</color>
    <color name="dialog_bg_60">9a212125</color>
    <color name="dialog_bg_30">4D212125</color>
    <color name="dialog_bg_12">1F212125</color>

    <color name="dialog_fg_100">FFededed</color>
    <color name="dialog_fg_90">e7ededed</color>
    <color name="dialog_fg_80">cdededed</color>
    <color name="dialog_fg_70">B3ededed</color>
    <color name="dialog_fg_60">9aededed</color>
    <color name="dialog_fg_30">4Dededed</color>
    <color name="dialog_fg_12">1Fededed</color>
    <color name="dialog_panel">08ededed</color>

    <!-- Panels -->
    <color name="panel_bg">c5000000</color>
    <color name="panel_fg_100">ffededed</color>
    <color name="panel_fg_90">e7ededed</color>
    <color name="panel_fg_80">ccededed</color>
    <color name="panel_fg_70">b3ededed</color>
    <color name="panel_fg_50">7fededed</color>
    <color name="panel_fg_30">4dededed</color>
    <color name="panel_fg_20">33ededed</color>
    <color name="panel_fg_12">1fededed</color>

    <!-- Overlay -->
    <color name="overlay_soft">0cffffff</color>
    <color name="overlay_hard">12ffffff</color>
    <color name="overlay_line">1affffff</color>

    <!-- Shadow -->
    <color name="shadow_flat">1Fededed</color>
    <color name="shadow_line">12ededed</color>
    <color name="shadow_soft">33000000</color>
    <color name="shadow_hard">80000000</color>
    <color name="shadow_menu">40000000</color>

</colors>
