<?xml version="1.0" encoding="UTF-8" standalone="yes"?>
<addon id="plugin.program.das" name="Diggz Advanced Settings" version="3" provider-name="Diggz">
  <requires>
        <import addon="xbmc.python" version="3.0.0"/>
        <import addon="script.module.six" />
        <import addon="script.module.kodi-six" />
		<import addon="inputstream.rtmp"/>
        <import addon="visualization.waveform"/>
		<import addon="inputstream.adaptive" />
		<import addon="inputstream.ffmpegdirect" />			
  </requires>
  <extension point="xbmc.python.pluginsource" library="default.py">
    <provides>executable</provides>
  </extension>
  <extension point="xbmc.service" library="startup.py" start="startup" />
    <extension point="xbmc.addon.metadata">
        <summary lang="en">A simple tool to adjust advanced settings</summary>
        <description lang="en">A simple tool to adjust advanced settings</description>
        <platform>all</platform>
        <license>GNU GENERAL PUBLIC LICENSE. Version 3, 29 June 2007</license>
        <disclaimer lang="en">The author of this addon do not host any of the content which is found and have no affiliation with any of the content providers. This addon simply searches websites for content. Use at your own risk!</disclaimer>
        <assets>
            <icon>icon.png</icon>
            <fanart>fanart.jpg</fanart>
        </assets>
    </extension>
</addon>