<?xml version="1.0" encoding="UTF-8" standalone="yes"?>
<addon id="script.diggzskins" 
	     name="Diggz Skin Switcher" 
	     version="421.22" 
	     provider-name="Diggz, Big thanks to FTV GURU!!">
  <requires>
    <import addon="xbmc.python" version="3.0.0"/>
  </requires>
  <extension point="xbmc.python.pluginsource" library="addon.py">
        <provides>executable</provides>
  </extension>
  <extension point="xbmc.addon.metadata">
    <platform>all</platform>
    <summary lang="en">-</summary>
    <description lang="en">Choose a flavor</description>
    <disclaimer lang="en">.</disclaimer>
    <language></language>
    <platform>all</platform>
    <license>GNU GENERAL PUBLIC LICENSE. Version 2, June 1991</license>
  </extension>
</addon>