<?xml version="1.0" encoding="UTF-8" standalone="yes"?>
<addon id="repository.diggz" name="Diggz Repository" version="21" provider-name="Diggz">
    <extension point="xbmc.addon.repository" name="Diggz Repository">
        <dir minversion="20.90.0" maxversion="22.9.9">
            <info compressed="false">https://raw.githubusercontent.com/nebulous42069/Omega/master/omega/zips/addons.xml</info>
            <checksum>https://raw.githubusercontent.com/nebulous42069/Omega/master/omega/zips/addons.xml.md5</checksum>
            <datadir zip="true">https://raw.githubusercontent.com/nebulous42069/Omega/master/omega/zips/</datadir>
        </dir>
		<dir>
			<info compressed="false">https://raw.githubusercontent.com/Gujal00/smrzips/master/addons.xml</info>
			<checksum>https://raw.githubusercontent.com/Gujal00/smrzips/master/addons.xml.md5</checksum>
			<datadir zip="true">https://raw.githubusercontent.com/Gujal00/smrzips/master/zips/</datadir>
        </dir>
        <dir>
            <info compressed="false">https://raw.githubusercontent.com/Zaxxon709/zaxxon/main/zips/addons.xml</info>
            <checksum>https://raw.githubusercontent.com/Zaxxon709/zaxxon/main/zips/addons.xml.md5</checksum>
            <datadir zip="true">https://raw.githubusercontent.com/Zaxxon709/zaxxon/main/zips/</datadir>
        </dir>
        <dir>
            <info>https://raw.githubusercontent.com/newt-sc/a4kSubtitles/master/packages/addons.xml</info>
            <checksum>https://raw.githubusercontent.com/newt-sc/a4kSubtitles/master/packages/addons.xml.crc</checksum>
            <datadir>https://github.com/newt-sc/a4kSubtitles/archive</datadir>
            <artdir>https://github.com/a4k-openproject/a4kSubtitles/releases/download/v0.0.13</artdir>
        </dir>
		<dir>
			<info compressed="false">https://github.com/Vashiel/repository.adulthideout/raw/master/addons.xml</info>
			<checksum>https://github.com/Vashiel/repository.adulthideout/raw/master/addons.xml.md5</checksum>
			<datadir zip="true">https://github.com/Vashiel/repository.adulthideout/raw/master/zips</datadir>
			<hashes>false</hashes>
		</dir>
		<dir minversion="16.0">
			<info compressed="false">https://raw.githubusercontent.com/aenemapy/aenemapyrepo/master/addons.xml</info>
			<checksum>https://raw.githubusercontent.com/aenemapy/aenemapyrepo/master/addons.xml.md5</checksum>
			<datadir zip="true">https://raw.githubusercontent.com/aenemapy/aenemapyrepo/master/zips/</datadir>
		</dir>
        <dir>
            <info compressed="false">https://raw.githubusercontent.com/alfa-addon/alfa-repo/master/addons.xml</info>
            <checksum>https://raw.githubusercontent.com/alfa-addon/alfa-repo/master/addons.xml.md5</checksum>
            <datadir zip="true">https://raw.githubusercontent.com/alfa-addon/alfa-repo/master/</datadir>
        </dir>
        <dir>
            <info compressed="false">https://raw.githubusercontent.com/drinfernoo/plugin.program.autowidget/repo/zips/addons.xml</info>
            <checksum>https://raw.githubusercontent.com/drinfernoo/plugin.program.autowidget/repo/zips/addons.xml.md5</checksum>
            <datadir zip="true">https://raw.githubusercontent.com/drinfernoo/plugin.program.autowidget/repo/zips/</datadir>
        </dir>
		<dir minversion="20.9.0">
			<info compressed="false">https://github.com/axbmcuser/_repo/raw/master/omega/addons.xml</info>
			<checksum>https://github.com/axbmcuser/_repo/raw/master/omega/addons.xml.md5</checksum>
			<datadir zip="true">https://github.com/axbmcuser/_repo/raw/master/omega</datadir>
			<hashes>false</hashes>
		</dir>
		<dir minversion="21.9.0">
			<info compressed="false">https://github.com/axbmcuser/_repo/raw/master/piers/addons.xml</info>
			<checksum>https://github.com/axbmcuser/_repo/raw/master/piers/addons.xml.md5</checksum>
			<datadir zip="true">https://github.com/axbmcuser/_repo/raw/master/piers</datadir>
			<hashes>false</hashes>
		</dir>
		<dir>
			<info compressed="false">https://raw.githubusercontent.com/azzyaddons/azzyaddons.github.io/master/addons.xml</info>
			<checksum>https://raw.githubusercontent.com/azzyaddons/azzyaddons.github.io/master/addons.xml.md5</checksum>
			<datadir zip="true">https://raw.githubusercontent.com/azzyaddons/azzyaddons.github.io/master/plugins/</datadir>
		</dir>
        <dir>
            <info compressed="false">https://raw.githubusercontent.com/bugatsinho/bugatsinho.github.io/master/addons.xml</info>
            <checksum>https://raw.githubusercontent.com/bugatsinho/bugatsinho.github.io/master/addons.xml.md5</checksum>
            <datadir zip="true">https://raw.githubusercontent.com/bugatsinho/bugatsinho.github.io/master/_zips</datadir>
            <hashes>false</hashes>
        </dir>
        <dir> 
            <info compressed="false">http://j1wizard.net/butter-addons/_repo/addons.xml</info>
            <checksum>http://j1wizard.net/butter-addons/_repo/addons.xml.md5</checksum>
            <datadir zip="true">http://j1wizard.net/butter-addons/_repo/</datadir>
            <hashes>false</hashes>
        </dir>
		<dir minversion="19.0.0">
			<info compressed="false">https://github.com/CastagnaIT/repository.castagnait/raw/kodi/kodi19/addons.xml</info>
			<checksum>https://github.com/CastagnaIT/repository.castagnait/raw/kodi/kodi19/addons.xml.md5</checksum>
			<datadir zip="true">https://github.com/CastagnaIT/repository.castagnait/raw/kodi/kodi19</datadir>
			<hashes>false</hashes>
		</dir>
        <dir minversion="19.0">
            <info compressed="false">https://raw.githubusercontent.com/CocoJoe2411/repository.cocoscrapers/master/zips/addons.xml</info>
            <checksum>https://raw.githubusercontent.com/CocoJoe2411/repository.cocoscrapers/master/zips/addons.xml.md5</checksum>
            <datadir zip="true">https://raw.githubusercontent.com/CocoJoe2411/repository.cocoscrapers/master/zips/</datadir>
        </dir>
		<dir>
			<info compressed="false">https://raw.githubusercontent.com/cywteow/cywteow.github.io/master/addons.xml</info>
			<checksum>https://raw.githubusercontent.com/cywteow/cywteow.github.io/master/addons.xml.md5</checksum>
			<datadir zip="true">https://raw.githubusercontent.com/cywteow/cywteow.github.io/master</datadir>
		</dir>
        <dir>
            <info compressed="false">https://raw.githubusercontent.com/Dis90/repository.dis90/matrix/zips/addons.xml</info>
            <checksum>https://raw.githubusercontent.com/Dis90/repository.dis90/matrix/zips/addons.xml.md5</checksum>
            <datadir zip="true">https://raw.githubusercontent.com/Dis90/repository.dis90/matrix/zips/</datadir>
        </dir>
		<dir>
			<info compressed="false">https://raw.githubusercontent.com/dobbelina/repository.dobbelina/master/addons.xml</info>
			<checksum>https://raw.githubusercontent.com/dobbelina/repository.dobbelina/master/addons.xml.md5</checksum>
			<datadir zip="true">https://raw.githubusercontent.com/dobbelina/repository.dobbelina/master/</datadir>
		</dir>
		<dir>
            <info compressed="false">http://racingondemand.xyz/_repo/addons.xml</info>
            <checksum>http://racingondemand.xyz/_repo/addons.xml.md5</checksum>
            <datadir zip="true">http://racingondemand.xyz/_repo/</datadir>
            <hashes>false</hashes>
		</dir>
        <dir>
            <info compressed="false">https://raw.githubusercontent.com/Goldenfreddy0703/repository.hooty/master/repo/zips/addons.xml</info>
            <checksum>https://raw.githubusercontent.com/Goldenfreddy0703/repository.hooty/master/repo/zips/addons.xml.md5</checksum>
            <datadir zip="true">https://raw.githubusercontent.com/Goldenfreddy0703/repository.hooty/master/repo/zips/</datadir>
        </dir>
        <dir>
            <info compressed="false">https://raw.githubusercontent.com/ivarbrandt/repository.ivarbrandt/master/repo/zips/addons.xml</info>
            <checksum>https://raw.githubusercontent.com/ivarbrandt/repository.ivarbrandt/master/repo/zips/addons.xml.md5</checksum>
            <datadir zip="true">https://raw.githubusercontent.com/ivarbrandt/repository.ivarbrandt/master/repo/zips/</datadir>
        </dir>
		<dir>	
			<info compressed="false">https://raw.github.com/jmooremcc/Repository.jmooremcc/master/addons.xml</info>
			<checksum>https://raw.github.com/jmooremcc/Repository.jmooremcc/master/addons.xml.md5</checksum>
			<datadir zip="true">https://raw.github.com/jmooremcc/Repository.jmooremcc/master</datadir>
		</dir>
        <dir>
            <info compressed="false">https://raw.githubusercontent.com/jurialmunkey/repository.jurialmunkey/master/repo/zips/addons.xml</info>
            <checksum>https://raw.githubusercontent.com/jurialmunkey/repository.jurialmunkey/master/repo/zips/addons.xml.md5</checksum>
            <datadir zip="true">https://raw.githubusercontent.com/jurialmunkey/repository.jurialmunkey/master/repo/zips/</datadir>
        </dir>
        <dir minversion="20.9.1">
            <info compressed="false">https://raw.githubusercontent.com/jurialmunkey/repository.jurialmunkey/master/omega/zips/addons.xml</info>
            <checksum>https://raw.githubusercontent.com/jurialmunkey/repository.jurialmunkey/master/omega/zips/addons.xml.md5</checksum>
            <datadir zip="true">https://raw.githubusercontent.com/jurialmunkey/repository.jurialmunkey/master/omega/zips/</datadir>
        </dir>
        <dir>
            <info compressed="false">https://github.com/zach-morris/repository.zachmorris/raw/master/addons.xml</info>
            <checksum>https://github.com/zach-morris/repository.zachmorris/raw/master/addons.xml.md5</checksum>
            <datadir zip="true">https://github.com/zach-morris/repository.zachmorris/raw/master/</datadir>
        </dir>
		<dir>
			<info compressed="false">https://raw.githubusercontent.com/xbmc-adult/xbmc-adult/ghmaster/addons.xml</info>
			<checksum>https://raw.githubusercontent.com/xbmc-adult/xbmc-adult/ghmaster/addons.xml.md5</checksum>
			<datadir zip="true">https://raw.githubusercontent.com/xbmc-adult/xbmc-adult/ghmaster</datadir>
		</dir>
		<dir>
			<info compressed="false">https://l3grthu.com/repos/wodrepo/addons.xml</info>
			<checksum>https://l3grthu.com/repos/wodrepo/addons.xml.md5</checksum>
			<datadir zip="true">https://l3grthu.com/repos/wodrepo/</datadir>
		</dir>
		<dir>
			<info compressed="false">https://raw.githubusercontent.com/Kodi-vStream/venom-xbmc-addons/master/addons.xml</info>
			<checksum>https://raw.githubusercontent.com/Kodi-vStream/venom-xbmc-addons/master/addons.xml.md5</checksum>
			<datadir zip="true">https://github.com/Kodi-vStream/venom-xbmc-addons/raw/master/repo</datadir>
		</dir>
        <dir minversion="19.0.0">
            <info compressed="false">https://github.com/arnesongit/repository.tidal2/raw/main/addons.xml</info>
            <checksum>https://github.com/arnesongit/repository.tidal2/raw/main/addons.xml.md5</checksum>
            <datadir zip="true">https://github.com/arnesongit/repository.tidal2/raw/main</datadir>
            <hashes>false</hashes>
    	</dir>
        <dir>
            <info compressed="false">https://raw.githubusercontent.com/tekbec/repository.tekbec/main/repo/zips/addons.xml</info>
            <checksum>https://raw.githubusercontent.com/tekbec/repository.tekbec/main/repo/zips/addons.xml.md5</checksum>
            <datadir zip="true">https://raw.githubusercontent.com/tekbec/repository.tekbec/main/repo/zips/</datadir>
        </dir>
        <dir minversion="13.0.0">
			<info compressed="false">https://github.com/tdw1980/tdw/raw/master/addons.xml</info>
			<checksum>https://github.com/tdw1980/tdw/raw/master/addons.xml.md5</checksum>
			<datadir zip="true">https://github.com/tdw1980/tdw/raw/master/</datadir>
        </dir>
        <dir minversion="18.9.0">
            <info compressed="false">https://raw.githubusercontent.com/Sandmann79/xbmc/master/packages-py3/addons.xml</info>
            <checksum>https://raw.githubusercontent.com/Sandmann79/xbmc/master/packages-py3/addons.xml.md5</checksum>
            <datadir zip="true">https://raw.githubusercontent.com/Sandmann79/xbmc/master/packages-py3/</datadir>
        </dir>
		<dir>	
			<info compressed="false">https://raw.githubusercontent.com/rocky4546/gominoa-xbmc-addons/Matrix/addons.xml</info>
			<checksum>https://raw.githubusercontent.com/rocky4546/gominoa-xbmc-addons/Matrix/addons.xml.md5</checksum>
			<datadir zip="true">https://raw.githubusercontent.com/rocky4546/gominoa-xbmc-addons/Matrix/repo</datadir>
		</dir>
		<dir minversion="18.9.0">
			<info compressed="false">https://Rockodi.com/Kodi-19/addons.xml</info>
			<checksum>https://Rockodi.com/Kodi-19/addons.xml.md5</checksum>
			<datadir zip="true">https://Rockodi.com/Kodi-19/</datadir>
		</dir>
		<dir>
			<info compressed="false">https://mullafabz.xyz/Plugins/K19/Plugins/addons.xml</info>
			<checksum>https://mullafabz.xyz/Plugins/K19/Plugins/addons.xml.md5</checksum>
			<datadir zip="true">https://mullafabz.xyz/Plugins/K19/Plugins/</datadir>
		</dir>
        <dir>
            <info compressed="false">https://raw.githubusercontent.com/pikdum/repository.pikdum/master/repo/zips/addons.xml</info>
            <checksum>https://raw.githubusercontent.com/pikdum/repository.pikdum/master/repo/zips/addons.xml.md5</checksum>
            <datadir zip="true">https://raw.githubusercontent.com/pikdum/repository.pikdum/master/repo/zips/</datadir>
        </dir>
        <dir>
            <info compressed="false">https://raw.githubusercontent.com/peno64/repository.peno64/master/repo/zips/addons.xml</info>
            <checksum>https://raw.githubusercontent.com/peno64/repository.peno64/master/repo/zips/addons.xml.md5</checksum>
            <datadir zip="true">https://raw.githubusercontent.com/peno64/repository.peno64/master/repo/zips/</datadir>
        </dir>
        <dir>
            <info compressed="false">https://henryjfry.github.io/repository.thenewdiamond/zips/addons.xml</info>
            <checksum>https://henryjfry.github.io/repository.thenewdiamond/zips/addons.xml.md5</checksum>
            <datadir zip="true">https://henryjfry.github.io/repository.thenewdiamond/zips/</datadir>
        </dir>
        <dir>
            <info compressed="false">https://mtr81.github.io/kodi_addons/addons/addons.xml</info>
            <checksum>https://mtr81.github.io/kodi_addons/addons/addons.xml.md5</checksum>
            <datadir zip="true">https://mtr81.github.io/kodi_addons/addons/</datadir>
        </dir>
		<dir>
			<info compressed="false">https://raw.githubusercontent.com/Mariusz89B/mods-kodi/master/mods-kodi-addons.xml</info>
			<checksum>https://raw.githubusercontent.com/Mariusz89B/mods-kodi/master/mods-kodi-addons.xml.md5</checksum>
			<datadir zip="true">https://github.com/Mariusz89B/mods-kodi/raw/master/</datadir>
		</dir>
        <dir>
            <info compressed="false">https://raw.githubusercontent.com/mbebe/blomqvist/master/zips/addons.xml</info>
            <checksum>https://raw.githubusercontent.com/mbebe/blomqvist/master/zips/addons.xml.md5</checksum>
            <datadir zip="true">https://raw.githubusercontent.com/mbebe/blomqvist/master/zips/</datadir>
        </dir>
        <dir>
            <info compressed="false">https://raw.githubusercontent.com/Proximus20001/mb-support/master/zips/addons.xml</info>
            <checksum>https://raw.githubusercontent.com/Proximus20001/mb-support/master/zips/addons.xml.md5</checksum>
            <datadir zip="true">https://raw.githubusercontent.com/Proximus20001/mb-support/master/zips</datadir>
        </dir>
		<dir>
			<info compressed="false">https://raw.github.com/MetalChris/repository.matrix/master/addons.xml</info>
			<checksum>https://raw.github.com/MetalChris/repository.matrix/master/addons.xml.md5</checksum>
			<datadir zip="true">https://raw.github.com/MetalChris/repository.matrix/master/zips</datadir>
		</dir>
		<dir>
			<info compressed="false">https://raw.githubusercontent.com/kodi-community-addons/repository.marcelveldt/master/repository/addons.xml</info>
			<checksum>https://raw.githubusercontent.com/kodi-community-addons/repository.marcelveldt/master/repository/addons.xml.md5</checksum>
			<datadir zip="true">https://raw.githubusercontent.com/kodi-community-addons/repository.marcelveldt/master/repository/</datadir>
		</dir>
        <dir>
            <info compressed="false">https://raw.githubusercontent.com/Lunatixz/KODI_Addons/master/addons.xml</info>
            <checksum>https://raw.githubusercontent.com/Lunatixz/KODI_Addons/master/addons.xml.md5</checksum>
            <datadir zip="true">https://raw.githubusercontent.com/Lunatixz/KODI_Addons/master/zips/</datadir>
        </dir>
        <dir>
            <info compressed="false">https://raw.githubusercontent.com/PseudoTV/PseudoTV_Live/master/addons.xml</info>
            <checksum>https://raw.githubusercontent.com/PseudoTV/PseudoTV_Live/master/addons.xml.md5</checksum>
            <datadir zip="true">https://raw.githubusercontent.com/PseudoTV/PseudoTV_Live/master/zips/</datadir>
        </dir>
        <dir>
            <info compressed="false">https://raw.githubusercontent.com/PseudoTV/PseudoTV_Resources/master/addons.xml</info>
            <checksum>https://raw.githubusercontent.com/PseudoTV/PseudoTV_Resources/master/addons.xml.md5</checksum>
            <datadir zip="true">https://raw.githubusercontent.com/PseudoTV/PseudoTV_Resources/master/zips/</datadir>
        </dir>
        <dir>
            <info compressed="true">https://repo.kodinerds.net/addons/addons.xml</info>
            <checksum>https://repo.kodinerds.net/addons/addons.xml.md5</checksum>
            <datadir zip="true">https://repo.kodinerds.net/addons</datadir>
            <hashes>false</hashes>
        </dir>
        <dir minversion="21.9.9" maxversion="22.9.0">
            <info compressed="true">https://repo.kodinerds.net/addons/piers/addons.xml</info>
            <checksum>https://repo.kodinerds.net/addons/piers/addons.xml.md5</checksum>
            <datadir zip="true">https://repo.kodinerds.net/addons/piers/zip/</datadir>
            <hashes>false</hashes>
        </dir>
        <dir minversion="21.0.0" maxversion="22.9.0">
            <info compressed="true">https://repo.kodinerds.net/addons/omega/addons.xml</info>
            <checksum>https://repo.kodinerds.net/addons/omega/addons.xml.md5</checksum>
            <datadir zip="true">https://repo.kodinerds.net/addons/omega/zip/</datadir>
            <hashes>false</hashes>
        </dir>
        <dir minversion="20.0.0" maxversion="22.9.0">
            <info compressed="true">https://repo.kodinerds.net/addons/nexus/addons.xml</info>
            <checksum>https://repo.kodinerds.net/addons/nexus/addons.xml.md5</checksum>
            <datadir zip="true">https://repo.kodinerds.net/addons/nexus/zip/</datadir>
            <hashes>false</hashes>
        </dir>
        <dir minversion="19.0.0" maxversion="22.9.0">
            <info compressed="true">https://repo.kodinerds.net/addons/matrix/addons.xml</info>
            <checksum>https://repo.kodinerds.net/addons/matrix/addons.xml.md5</checksum>
            <datadir zip="true">https://repo.kodinerds.net/addons/matrix/zip/</datadir>
            <hashes>false</hashes>
        </dir>
        <dir minversion="18.0.0" maxversion="18.9.0">
            <info compressed="true">https://repo.kodinerds.net/addons/leia/addons.xml</info>
            <checksum>https://repo.kodinerds.net/addons/leia/addons.xml.md5</checksum>
            <datadir zip="true">https://repo.kodinerds.net/addons/leia/zip/</datadir>
            <hashes>false</hashes>
        </dir>
        <dir minversion="17.0.0" maxversion="18.9.0">
            <info compressed="true">https://repo.kodinerds.net/addons/krypton/addons.xml</info>
            <checksum>https://repo.kodinerds.net/addons/krypton/addons.xml.md5</checksum>
            <datadir zip="true">https://repo.kodinerds.net/addons/krypton/zip/</datadir>
            <hashes>false</hashes>
        </dir>
        <dir minversion="16.0.0" maxversion="18.9.0">
            <info compressed="true">https://repo.kodinerds.net/addons/jarvis/addons.xml</info>
            <checksum>https://repo.kodinerds.net/addons/jarvis/addons.xml.md5</checksum>
            <datadir zip="true">https://repo.kodinerds.net/addons/jarvis/zip/</datadir>
            <hashes>false</hashes>
        </dir>
        <dir minversion="15.0.0" maxversion="18.9.0">
            <info compressed="true">https://repo.kodinerds.net/addons/isengard/addons.xml</info>
            <checksum>https://repo.kodinerds.net/addons/isengard/addons.xml.md5</checksum>
            <datadir zip="true">https://repo.kodinerds.net/addons/isengard/zip/</datadir>
            <hashes>false</hashes>
        </dir>
        <dir minversion="14.0.0" maxversion="18.9.0">
            <info compressed="true">https://repo.kodinerds.net/addons/helix/addons.xml</info>
            <checksum>https://repo.kodinerds.net/addons/helix/addons.xml.md5</checksum>
            <datadir zip="true">https://repo.kodinerds.net/addons/helix/zip/</datadir>
            <hashes>false</hashes>
        </dir>
        <dir minversion="13.0.0" maxversion="18.9.0">
            <info compressed="true">https://repo.kodinerds.net/addons/gotham/addons.xml</info>
            <checksum>https://repo.kodinerds.net/addons/gotham/addons.xml.md5</checksum>
            <datadir zip="true">https://repo.kodinerds.net/addons/gotham/zip/</datadir>
            <hashes>false</hashes>
        </dir>
		<dir>
		    <info compressed="false">https://raw.githubusercontent.com/totaltec2014/ivue2/master/addons.xml</info>
		    <checksum>https://raw.githubusercontent.com/totaltec2014/ivue2/master/addons.xml.md5</checksum>
		    <datadir zip="true">https://raw.githubusercontent.com/totaltec2014/ivue2/master/</datadir>
		</dir>
        <dir>	    
            <info compressed="false">https://raw.githubusercontent.com/M-Borsch/MB-KODI/main/repo/zips/addons.xml</info>
            <checksum>https://raw.githubusercontent.com/M-Borsch/MB-KODI/main/repo/zips/addons.xml.md5</checksum>
            <datadir zip="true">https://raw.githubusercontent.com/M-Borsch/MB-KODI/main/repo/zips/</datadir>
		</dir>
		<dir>
			<info compressed="false">https://raw.githubusercontent.com/jewbmx/repo/master/addons.xml</info>
			<checksum>https://raw.githubusercontent.com/jewbmx/repo/master/addons.xml.md5</checksum>
			<datadir zip="true">https://raw.githubusercontent.com/jewbmx/repo/master/zips/</datadir>
		</dir>
		<dir>
			<info>https://mirrors.kodi.tv/addons/omega/addons.xml.gz</info>
			<checksum verify="sha256">https://mirrors.kodi.tv/addons/omega/addons.xml.gz?sha256</checksum>
			<datadir>https://mirrors.kodi.tv/addons/omega</datadir>
			<artdir>https://mirrors.kodi.tv/addons/omega</artdir>
			<hashes>sha256</hashes>
		</dir>		
    </extension>
    <extension point="xbmc.addon.metadata">
        <summary>Diggz Repository</summary>
        <description>Diggz Kodi Repository.</description>
        <disclaimer></disclaimer>
        <platform>all</platform>
        <assets>
            <icon>icon.png</icon>
        </assets>
    </extension>
</addon>