<?xml version="1.0" encoding="UTF-8" standalone="yes"?>
<addon id="plugin.video.adultseverywhere" name="[COLOR coral][B]Adults Everywhere[/B][/COLOR]" version="0.0.2" provider-name="AceTorr">
  <requires>
   <import addon="script.module.six" />
   <import addon="script.module.requests"/> 
  </requires>
  <extension point="xbmc.python.pluginsource" library="default.py">
        <provides>video</provides>
  </extension>
  <extension point="xbmc.addon.metadata">
    <summary lang="es">Lo Mejor para Adultos</summary>
    <description>[COLOR red]La mejor colección de Videos para Adultos organizado por temática y emisión de Canales en Streaming.[/COLOR].[CR][CR]*Este Addon lo encuentras y actualizas en [COLOR blue]Kelebek[/COLOR].</description>
    <platform>all</platform>
    <assets>
        <icon>icon.png</icon>
        <fanart>fanart.jpg</fanart>
    </assets>
  </extension>
</addon>
