<?xml version="1.0" encoding="UTF-8" standalone="yes"?>
<addon id="plugin.video.xtream-codes" name="Xtream-Codes IPTV" version="3.4" provider-name="michaz">
  <requires>
    <import addon="script.module.six" />
	<import addon="inputstream.ffmpegdirect" version="1.21.8" optional="true" /> 
  </requires>
  <extension point="xbmc.python.pluginsource" library="init.py">
        <provides>video</provides>
  </extension>
  <extension point="xbmc.addon.metadata">
    <assets>
            <icon>icon.png</icon>
        </assets>
    <platform>all</platform>
  </extension>
</addon>
